<?xml version="1.0" encoding="UTF-8"?>
<item><pubDate>Tue, 06 Jun 2023 17:39:55 -0400</pubDate><title><![CDATA[Home]]></title><url><![CDATA[index]]></url><meta><![CDATA[getsimple, easy, content management system]]></meta><metad><![CDATA[]]></metad><menu><![CDATA[Home]]></menu><menuOrder><![CDATA[1]]></menuOrder><menuStatus><![CDATA[Y]]></menuStatus><template><![CDATA[template.php]]></template><parent><![CDATA[]]></parent><content><![CDATA[&lt;p&gt;Con[tentMane]ger&#039;s web site.&lt;/p&gt;

&lt;pre&gt;&lt;code class=&quot;language-css&quot;&gt;#header h1 a { 
	display: block; 
	width: 300px; 
	height: 80px; 
}&lt;/code&gt;&lt;/pre&gt;
]]></content><private><![CDATA[]]></private><author><![CDATA[admin]]></author></item>
