<?xml version="1.0" encoding="UTF-8"?>
<item><pubDate>Wed, 07 Jun 2023 07:54:12 +0300</pubDate><title><![CDATA[nested]]></title><url><![CDATA[nested]]></url><meta><![CDATA[]]></meta><metad><![CDATA[]]></metad><menu><![CDATA[nested]]></menu><menuOrder><![CDATA[0]]></menuOrder><menuStatus><![CDATA[Y]]></menuStatus><template><![CDATA[template.php]]></template><parent><![CDATA[todo]]></parent><content><![CDATA[&lt;p&gt;nested page1&lt;/p&gt;
]]></content><private><![CDATA[]]></private><author><![CDATA[admin]]></author></item>
