<?xml version="1.0" encoding="UTF-8"?>
<channel><item><pubDate><![CDATA[Wed, 07 Jun 2023 07:54:12 +0300]]></pubDate><title><![CDATA[nested]]></title><url><![CDATA[nested]]></url><meta><![CDATA[]]></meta><metad><![CDATA[]]></metad><menu><![CDATA[nested]]></menu><menuOrder><![CDATA[0]]></menuOrder><menuStatus><![CDATA[Y]]></menuStatus><template><![CDATA[template.php]]></template><parent><![CDATA[todo]]></parent><private><![CDATA[]]></private><author><![CDATA[admin]]></author><slug><![CDATA[nested]]></slug><filename><![CDATA[nested.xml]]></filename></item><item><pubDate><![CDATA[Tue, 06 Jun 2023 22:45:48 -0400]]></pubDate><title><![CDATA[ToDo]]></title><url><![CDATA[todo]]></url><meta><![CDATA[]]></meta><metad><![CDATA[]]></metad><menu><![CDATA[todo]]></menu><menuOrder><![CDATA[2]]></menuOrder><menuStatus><![CDATA[Y]]></menuStatus><template><![CDATA[template.php]]></template><parent><![CDATA[]]></parent><private><![CDATA[]]></private><author><![CDATA[admin]]></author><slug><![CDATA[todo]]></slug><filename><![CDATA[todo.xml]]></filename></item><item><pubDate><![CDATA[Tue, 06 Jun 2023 17:39:55 -0400]]></pubDate><title><![CDATA[Home]]></title><url><![CDATA[index]]></url><meta><![CDATA[getsimple, easy, content management system]]></meta><metad><![CDATA[]]></metad><menu><![CDATA[Home]]></menu><menuOrder><![CDATA[1]]></menuOrder><menuStatus><![CDATA[Y]]></menuStatus><template><![CDATA[template.php]]></template><parent><![CDATA[]]></parent><private><![CDATA[]]></private><author><![CDATA[admin]]></author><slug><![CDATA[index]]></slug><filename><![CDATA[index.xml]]></filename></item></channel>
