<?xml version="1.0" encoding="UTF-8"?>
<item><pubDate>Tue, 06 Jun 2023 17:39:55 -0400</pubDate><title>Home</title><url>index</url><meta>getsimple, easy, content management system</meta><metad></metad><menu>Home</menu><menuStatus>Y</menuStatus><template>template.php</template><parent></parent><content>&amp;lt;p&amp;gt;Con[tentMane]ger&amp;#039;s web site.&amp;lt;/p&amp;gt;

&amp;lt;pre&amp;gt;&amp;lt;code class=&amp;quot;language-css&amp;quot;&amp;gt;#header h1 a { 
	display: block; 
	width: 300px; 
	height: 80px; 
}&amp;lt;/code&amp;gt;&amp;lt;/pre&amp;gt;
</content><private></private><author>admin</author><menuOrder><![CDATA[3]]></menuOrder></item>
