<?xml version="1.0" encoding="UTF-8"?>
<item><pubDate>Thu, 08 Jun 2023 01:41:28 +0300</pubDate><title><![CDATA[ToDo]]></title><url><![CDATA[todo]]></url><meta><![CDATA[]]></meta><metad><![CDATA[]]></metad><menu><![CDATA[ToDo]]></menu><menuOrder><![CDATA[4]]></menuOrder><menuStatus><![CDATA[Y]]></menuStatus><template><![CDATA[template.php]]></template><parent><![CDATA[]]></parent><content><![CDATA[&lt;h2&gt;(v3.3.18) Breadcrumbs, menu, page edit link, maintanance mode&lt;/h2&gt;

&lt;ol&gt;
	&lt;li&gt;&lt;s&gt;Breadcrumbs theme settings&lt;/s&gt;&lt;/li&gt;
	&lt;li&gt;Clear cache on menu re order&lt;/li&gt;
	&lt;li&gt;Edit page from site view via &lt;a href=&quot;http://get-simple.info/extend/plugin/edit-page/766/&quot; target=&quot;_blank&quot;&gt;Edit Page plugin&lt;/a&gt;&lt;/li&gt;
	&lt;li&gt;Add maintenance mode via &lt;a href=&quot;http://get-simple.info/extend/plugin/dy-maintenance/984/&quot; target=&quot;_blank&quot;&gt;DY Maintenance plugin&lt;/a&gt;&lt;/li&gt;
	&lt;li&gt;Fix header line-height in default theme&lt;/li&gt;
	&lt;li&gt;Option to disable displaying page timestamp&lt;/li&gt;
&lt;/ol&gt;

&lt;p&gt;&amp;nbsp;&lt;/p&gt;

&lt;h2&gt;(v3.3.17) Nested menu feature&lt;/h2&gt;

&lt;ol&gt;
	&lt;li&gt;add &lt;a href=&quot;http://get-simple.info/extend/plugin/nested-menus/256/&quot; target=&quot;_blank&quot;&gt;Nested Menus plugin&lt;/a&gt;&lt;/li&gt;
	&lt;li&gt;use nested menu plugin in default theme&lt;/li&gt;
&lt;/ol&gt;
]]></content><private><![CDATA[]]></private><author><![CDATA[admin]]></author></item>
