<?xml version="1.0" encoding="UTF-8"?>
<channel><item><pubDate><![CDATA[Wed, 07 Jun 2023 17:36:08 +0300]]></pubDate><title><![CDATA[Actions]]></title><url><![CDATA[actions]]></url><meta><![CDATA[]]></meta><metad><![CDATA[]]></metad><menu><![CDATA[Actions]]></menu><menuOrder><![CDATA[1]]></menuOrder><menuStatus><![CDATA[Y]]></menuStatus><template><![CDATA[template.php]]></template><parent><![CDATA[api]]></parent><private><![CDATA[]]></private><author><![CDATA[admin]]></author><slug><![CDATA[actions]]></slug><filename><![CDATA[actions.xml]]></filename></item><item><pubDate><![CDATA[Wed, 07 Jun 2023 07:54:12 +0300]]></pubDate><title><![CDATA[nested]]></title><url><![CDATA[nested]]></url><meta><![CDATA[]]></meta><metad><![CDATA[]]></metad><menu><![CDATA[nested]]></menu><menuStatus><![CDATA[Y]]></menuStatus><template><![CDATA[template.php]]></template><parent><![CDATA[todo]]></parent><private><![CDATA[]]></private><author><![CDATA[admin]]></author><menuOrder><![CDATA[2]]></menuOrder><slug><![CDATA[nested]]></slug><filename><![CDATA[nested.xml]]></filename></item><item><pubDate><![CDATA[Thu, 08 Jun 2023 01:41:28 +0300]]></pubDate><title><![CDATA[ToDo]]></title><url><![CDATA[todo]]></url><meta><![CDATA[]]></meta><metad><![CDATA[]]></metad><menu><![CDATA[ToDo]]></menu><menuOrder><![CDATA[4]]></menuOrder><menuStatus><![CDATA[Y]]></menuStatus><template><![CDATA[template.php]]></template><parent><![CDATA[]]></parent><private><![CDATA[]]></private><author><![CDATA[admin]]></author><slug><![CDATA[todo]]></slug><filename><![CDATA[todo.xml]]></filename></item><item><pubDate><![CDATA[Tue, 06 Jun 2023 17:39:55 -0400]]></pubDate><title><![CDATA[Home]]></title><url><![CDATA[index]]></url><meta><![CDATA[getsimple, easy, content management system]]></meta><metad><![CDATA[]]></metad><menu><![CDATA[Home]]></menu><menuStatus><![CDATA[Y]]></menuStatus><template><![CDATA[template.php]]></template><parent><![CDATA[]]></parent><private><![CDATA[]]></private><author><![CDATA[admin]]></author><menuOrder><![CDATA[3]]></menuOrder><slug><![CDATA[index]]></slug><filename><![CDATA[index.xml]]></filename></item><item><pubDate><![CDATA[Wed, 07 Jun 2023 15:16:50 +0300]]></pubDate><title><![CDATA[API]]></title><url><![CDATA[api]]></url><meta><![CDATA[]]></meta><metad><![CDATA[]]></metad><menu><![CDATA[API]]></menu><menuStatus><![CDATA[Y]]></menuStatus><template><![CDATA[template.php]]></template><parent><![CDATA[]]></parent><private><![CDATA[]]></private><author><![CDATA[admin]]></author><menuOrder><![CDATA[5]]></menuOrder><slug><![CDATA[api]]></slug><filename><![CDATA[api.xml]]></filename></item></channel>
