<?xml version="1.0" encoding="UTF-8"?>
<channel><item><plugin><![CDATA[anonymous_data.php]]></plugin><enabled><![CDATA[false]]></enabled></item><item><plugin><![CDATA[RenovationPlugin.php]]></plugin><enabled><![CDATA[true]]></enabled></item><item><plugin><![CDATA[nested_menus.php]]></plugin><enabled><![CDATA[true]]></enabled></item><item><plugin><![CDATA[edit_page.php]]></plugin><enabled><![CDATA[true]]></enabled></item><item><plugin><![CDATA[MaintenanceMode.php]]></plugin><enabled><![CDATA[true]]></enabled></item></channel>
